{"cameraMode":{"drawMode":0,"name":"Shaded","section":"Shading Mode"},"sceneLighting":true,"audioPlay":false,"sceneViewState":{"showFog":true,"showMaterialUpdate":false,"showSkybox":true,"showFlares":true,"showImageEffects":true,"showParticleSystems":true},"in2DMode":false,"pivot":{"x":-1.7881393432617188e-7,"y":1.8559999465942383,"z":-3.5789999961853029},"rotation":{"x":0.087179034948349,"y":0.02122720144689083,"z":-0.0018583690980449319,"w":0.9959648251533508},"size":5.472433090209961,"orthographic":false}