{"cameraMode":{"drawMode":0,"name":"Shaded","section":"Shading Mode"},"sceneLighting":false,"audioPlay":false,"sceneViewState":{"showFog":true,"showMaterialUpdate":false,"showSkybox":false,"showFlares":true,"showImageEffects":true,"showParticleSystems":true},"in2DMode":false,"pivot":{"x":-2.848410129547119,"y":2.0,"z":-11.745914459228516},"rotation":{"x":0.6274728178977966,"y":-0.0032626737374812366,"z":0.002628921763971448,"w":0.7786272764205933},"size":2.8578836917877199,"orthographic":false}