{"cameraMode":{"drawMode":0,"name":"Shaded","section":"Shading Mode"},"sceneLighting":true,"audioPlay":false,"sceneViewState":{"showFog":true,"showMaterialUpdate":false,"showSkybox":true,"showFlares":true,"showImageEffects":true,"showParticleSystems":true},"in2DMode":false,"pivot":{"x":319.2500915527344,"y":135.75558471679688,"z":767.4493408203125},"rotation":{"x":0.0946640595793724,"y":0.009267992340028286,"z":-0.0008816237095743418,"w":0.9954657554626465},"size":1621.1072998046875,"orthographic":false}