{"cameraMode":{"drawMode":0,"name":"Shaded","section":"Shading Mode"},"sceneLighting":false,"audioPlay":false,"sceneViewState":{"showFog":true,"showMaterialUpdate":false,"showSkybox":false,"showFlares":true,"showImageEffects":true,"showParticleSystems":true},"in2DMode":false,"pivot":{"x":0.0,"y":2.0999999046325685,"z":-11.229999542236329},"rotation":{"x":0.6274728178977966,"y":-0.0032626737374812366,"z":0.002628921763971448,"w":0.7786272764205933},"size":3.336918592453003,"orthographic":false}