{"cameraMode":{"drawMode":0,"name":"Shaded","section":"Shading Mode"},"sceneLighting":true,"audioPlay":false,"sceneViewState":{"showFog":true,"showMaterialUpdate":false,"showSkybox":true,"showFlares":true,"showImageEffects":true,"showParticleSystems":true},"in2DMode":false,"pivot":{"x":533.1635131835938,"y":168.9561767578125,"z":-3.30621337890625},"rotation":{"x":-0.019805775955319406,"y":-0.015898963436484338,"z":0.00031507419771514833,"w":-0.9996774196624756},"size":612.5037841796875,"orthographic":false}